1;Anton;Aigner;M;a.aigner@gmail.com;Austria;25;true
2;Berta;Bauer;F;b.bauer@gmail.com;Austria;21;true
3;Manuel;Fadljevic;M;m.fadljevic@gmail.com;Austria;18;true
4;Nina;Schildmair;F;nina@schildmair.com;Austria;16;true
5;TSCHTEFAN;TSCHAWINGER;M;tschef@schawets.at;Bulgarien;9;true
6;Stefan;Scharinger;M;stefan@scharez.at;Oesterreich;17;true